"0","knitr::opts_chunk$set(echo = FALSE)"
"0",""
"0","library(tidyverse)"
"0","library(arsenal)"
"0",""
"0","dat <- read_csv(""practice_data1.csv"")"
"2","Parsed with column specification:
cols(
  gender = col_character(),
  bmi = col_double(),
  age = col_double(),
  sbp = col_double(),
  dbp = col_double(),
  bpcat = col_character(),
  treatment = col_character()
)
"
"0","hyoucontrol <- "
"0","  tableby.control("
"0","    test          = FALSE,          #検定なし"
"0","    total         = FALSE,          #全体集計なし"
"0","    digits        = 1,　　          #小数点一桁に"
"0","    numeric.stats = ""meansd"",        #平均値(SD)のみでよい。"
"0","    stats.labels  = list(meansd = ""平均(SD))""), #ラベルを設定"
"0","    numeric.simplify = TRUE,  #1行に出力を抑制"
"0","    cat.simplify     = TRUE　 #1行に出力を抑制"
"0","  )"
"0",""
"0","dat <- dat %>% "
"0","  mutate("
"0","    treatment = factor(treatment, "
"0","                       levels=c(""control"",""treat""),"
"0","                       labels=c(""コントロール群"",""処置群"")),"
"0","    gender    = factor(gender,"
"0","                       levels=c(""Female"",""Male""),"
"0","                       labels=c(""女性"",""男性"")),"
"0","    bpcat     = factor(bpcat,"
"0","                       levels=c(""normal"",""Elevated"",""Htn Stage1"",""Htn Stage2"",""Htn Stage3""),"
"0","                       labels=c(""正常"",""高値"",""高血圧1度"",""高血圧2度"",""高血圧3度""))"
"0","  )"
"0",""
"0","hensulabel <- list(gender = ""性別:男性"","
"0","                   age    = ""年齢"","
"0","                   bmi    = ""BMI"","
"0","                   sbp    = ""血圧(収縮期)"","
"0","                   dbp    = ""血圧(拡張期)"","
"0","                   bpcat  = ""血圧区分"")"
"0",""
"0","hyoug <- tableby(treatment~gender+age+bmi+sbp+dbp+bpcat, "
"0","                 data = dat,control = hyoucontrol)"
